tanggal,zona,kurir,jarak_km,durasi_menit,tepat_waktu,biaya
2026-05-24,Bogor,Kurir F,16.1,91,1,34327
2026-03-28,Jakarta Selatan,Kurir G,6.7,51,1,21177
2026-04-01,Depok,Kurir D,11.1,62,1,27744
2026-03-01,Bekasi,Kurir D,11.8,72,1,28906
2026-05-25,Jakarta Pusat,Kurir B,1.5,21,1,12085
2026-04-17,Jakarta Pusat,Kurir G,1.0,26,1,10450
2026-03-06,Jakarta Selatan,Kurir E,8.9,44,1,22847
2026-04-27,Bogor,Kurir D,21.6,114,1,43786
2026-03-13,Tangerang,Kurir B,9.1,58,1,24947
2026-05-18,Bogor,Kurir F,15.5,87,1,34349
2026-03-20,Bekasi,Kurir A,9.3,61,1,23761
2026-05-22,Jakarta Selatan,Kurir D,5.1,38,1,16831
2026-05-03,Bogor,Kurir F,16.1,79,1,36074
2026-03-29,Bekasi,Kurir H,8.2,60,0,28323
2026-04-20,Bekasi,Kurir A,9.4,50,1,23552
2026-03-17,Jakarta Selatan,Kurir C,10.3,59,1,25479
2026-05-12,Jakarta Selatan,Kurir H,2.7,33,1,13800
2026-04-30,Bekasi,Kurir E,9.4,60,1,24417
2026-05-10,Depok,Kurir F,9.1,51,1,23534
2026-04-05,Jakarta Selatan,Kurir A,9.1,49,1,24254
2026-05-21,Depok,Kurir E,7.5,45,1,21524
2026-04-19,Jakarta Selatan,Kurir H,7.6,43,1,21730
2026-04-05,Jakarta Selatan,Kurir G,11.2,61,1,26573
2026-03-08,Jakarta Pusat,Kurir A,7.3,38,1,20821
2026-03-06,Bekasi,Kurir C,10.9,58,1,26036
2026-05-30,Jakarta Pusat,Kurir D,5.3,35,1,17870
2026-03-25,Bekasi,Kurir D,16.4,81,1,36143
2026-05-14,Jakarta Selatan,Kurir G,7.4,43,1,20649
2026-05-21,Bogor,Kurir D,18.1,95,1,37585
2026-03-01,Tangerang,Kurir F,13.8,68,1,30800
2026-05-07,Tangerang,Kurir C,14.6,66,1,32143
2026-04-18,Jakarta Pusat,Kurir H,1.0,22,1,10923
2026-03-11,Jakarta Selatan,Kurir F,8.7,43,1,23081
2026-04-24,Bekasi,Kurir C,11.7,67,1,27754
2026-05-26,Tangerang,Kurir D,10.5,52,1,25465
2026-03-14,Bekasi,Kurir B,12.5,64,1,28900
2026-04-28,Depok,Kurir D,20.9,103,1,42574
2026-04-18,Tangerang,Kurir C,9.9,49,1,25131
2026-03-31,Bekasi,Kurir A,17.6,77,1,37916
2026-04-17,Jakarta Selatan,Kurir F,8.1,40,1,21818
2026-03-21,Bekasi,Kurir B,8.6,49,1,23581
2026-04-26,Bekasi,Kurir G,13.5,77,1,31038
2026-05-04,Bekasi,Kurir B,14.3,66,1,32888
2026-04-29,Jakarta Pusat,Kurir C,1.0,21,1,10709
2026-03-16,Jakarta Pusat,Kurir A,14.1,55,1,31223
2026-03-08,Bogor,Kurir D,18.0,107,0,44928
2026-05-06,Jakarta Selatan,Kurir G,5.0,36,1,18225
2026-03-18,Bekasi,Kurir H,6.5,43,1,20113
2026-04-14,Jakarta Selatan,Kurir A,8.0,45,1,22160
2026-05-02,Jakarta Pusat,Kurir D,9.8,51,1,25390
2026-04-16,Tangerang,Kurir F,15.6,72,1,35338
2026-05-31,Jakarta Pusat,Kurir B,5.8,40,1,19407
2026-03-06,Bekasi,Kurir C,11.9,60,1,29194
2026-05-09,Tangerang,Kurir G,12.3,67,1,28793
2026-05-12,Jakarta Pusat,Kurir F,7.1,36,1,21376
2026-05-24,Bogor,Kurir H,21.4,117,0,50515
2026-05-28,Jakarta Pusat,Kurir H,2.8,28,1,14164
2026-04-30,Tangerang,Kurir B,14.1,74,1,32829
2026-04-01,Jakarta Selatan,Kurir F,12.3,54,1,29566
2026-03-20,Tangerang,Kurir F,14.5,73,1,31872
2026-04-17,Jakarta Selatan,Kurir H,10.4,49,1,25765
2026-05-10,Bekasi,Kurir C,14.8,76,1,33265
2026-05-26,Depok,Kurir B,15.3,78,1,33202
2026-04-11,Jakarta Pusat,Kurir G,7.5,51,1,21601
2026-05-03,Tangerang,Kurir G,4.1,42,1,16825
2026-05-17,Bekasi,Kurir G,17.9,87,1,38007
2026-04-08,Tangerang,Kurir A,17.3,70,1,37289
2026-04-22,Jakarta Pusat,Kurir A,1.0,25,1,10589
2026-04-05,Bogor,Kurir H,19.9,120,0,46987
2026-04-21,Jakarta Pusat,Kurir D,2.6,27,1,13006
2026-05-16,Bogor,Kurir E,13.1,79,1,29502
2026-05-20,Jakarta Pusat,Kurir A,4.7,37,1,17416
2026-04-29,Jakarta Pusat,Kurir E,7.3,40,1,20539
2026-04-02,Tangerang,Kurir E,13.3,68,1,31762
2026-03-20,Jakarta Pusat,Kurir C,8.2,50,1,22297
2026-05-17,Bekasi,Kurir A,21.5,106,1,42989
2026-03-07,Depok,Kurir E,15.5,70,1,34891
2026-05-03,Bogor,Kurir A,16.5,83,1,36515
2026-03-25,Bekasi,Kurir C,5.4,47,1,18026
2026-03-05,Tangerang,Kurir B,18.2,75,1,38014
2026-03-12,Jakarta Pusat,Kurir C,10.1,49,1,25501
2026-05-03,Bogor,Kurir B,15.4,80,1,33953
2026-03-04,Bekasi,Kurir A,16.3,84,1,34766
2026-04-01,Jakarta Pusat,Kurir G,10.9,63,1,26180
2026-04-23,Bekasi,Kurir C,7.7,43,1,21922
2026-05-11,Jakarta Pusat,Kurir C,3.0,27,1,14988
2026-04-07,Jakarta Pusat,Kurir G,5.5,37,1,18384
2026-03-07,Bogor,Kurir F,23.3,100,1,46655
2026-03-26,Bekasi,Kurir F,14.4,76,1,33223
2026-04-25,Jakarta Selatan,Kurir A,4.2,32,1,15545
2026-03-15,Jakarta Pusat,Kurir D,1.0,23,1,11188
2026-03-11,Bogor,Kurir A,18.2,89,1,39172
2026-03-14,Bogor,Kurir G,13.7,89,0,38342
2026-05-09,Depok,Kurir F,21.3,96,1,44482
2026-03-30,Jakarta Selatan,Kurir G,9.9,51,1,25339
2026-05-25,Jakarta Selatan,Kurir F,8.2,47,1,23348
2026-03-12,Bogor,Kurir H,10.6,76,0,32820
2026-03-29,Tangerang,Kurir H,9.6,54,1,25452
2026-05-07,Jakarta Selatan,Kurir F,3.2,32,1,15117
2026-03-14,Jakarta Selatan,Kurir D,1.0,25,1,11883
2026-04-16,Jakarta Pusat,Kurir E,1.0,23,1,11538
2026-05-07,Jakarta Selatan,Kurir D,7.6,46,1,21721
2026-05-08,Jakarta Selatan,Kurir B,7.9,46,1,21880
2026-03-14,Bogor,Kurir A,17.5,104,0,43719
2026-04-28,Jakarta Selatan,Kurir H,10.9,51,1,26160
2026-03-30,Bekasi,Kurir C,17.3,81,1,37764
2026-05-28,Depok,Kurir H,8.5,48,1,23153
2026-04-17,Jakarta Pusat,Kurir G,4.7,33,1,17182
2026-04-26,Jakarta Selatan,Kurir D,10.4,50,1,25817
2026-05-18,Depok,Kurir F,13.1,59,1,29668
2026-03-22,Tangerang,Kurir A,18.4,76,1,38527
2026-03-22,Bogor,Kurir F,5.6,45,1,18198
2026-05-10,Depok,Kurir E,9.0,55,1,23135
2026-05-01,Jakarta Pusat,Kurir H,3.0,26,1,15183
2026-04-30,Jakarta Selatan,Kurir F,4.7,36,1,17026
2026-03-17,Bogor,Kurir H,19.3,95,1,40097
2026-04-18,Jakarta Selatan,Kurir G,13.6,79,1,31828
2026-05-08,Tangerang,Kurir E,14.5,68,1,32682
2026-05-04,Bekasi,Kurir A,12.1,64,1,27962
2026-03-03,Jakarta Pusat,Kurir H,11.3,59,1,28303
2026-03-27,Jakarta Selatan,Kurir A,5.3,35,1,17739
2026-04-03,Depok,Kurir H,15.4,82,1,34018
2026-05-16,Jakarta Pusat,Kurir C,10.0,44,1,26197
2026-04-07,Jakarta Pusat,Kurir A,8.6,51,1,22818
2026-03-13,Tangerang,Kurir E,9.8,52,1,26120
2026-04-07,Bekasi,Kurir G,14.6,82,1,33298
2026-03-19,Jakarta Selatan,Kurir H,3.1,31,1,13545
2026-03-25,Tangerang,Kurir A,17.7,71,1,37240
2026-05-13,Bogor,Kurir E,20.7,107,1,43074
2026-03-11,Bekasi,Kurir G,14.7,95,0,39530
2026-05-06,Jakarta Selatan,Kurir D,6.2,37,1,18874
2026-05-12,Tangerang,Kurir A,17.5,80,1,38235
2026-04-21,Jakarta Selatan,Kurir E,9.9,46,1,25794
2026-05-02,Jakarta Pusat,Kurir A,5.2,33,1,18292
2026-04-19,Tangerang,Kurir H,16.1,87,1,34666
2026-03-27,Depok,Kurir D,7.4,54,1,22266
2026-05-15,Jakarta Pusat,Kurir B,3.1,27,1,15205
2026-04-28,Jakarta Selatan,Kurir B,12.6,55,1,30320
2026-04-01,Depok,Kurir B,9.3,57,1,24418
2026-04-06,Jakarta Pusat,Kurir B,9.2,43,1,24376
2026-03-18,Bogor,Kurir E,20.5,120,0,47910
2026-05-20,Depok,Kurir D,12.2,60,1,28375
2026-05-27,Bekasi,Kurir D,15.2,85,1,32986
2026-03-31,Bekasi,Kurir A,11.3,58,1,27486
2026-05-03,Tangerang,Kurir H,14.5,65,1,32571
2026-05-28,Bekasi,Kurir D,17.8,98,1,37364
2026-04-14,Bogor,Kurir B,16.1,98,0,41414
2026-03-11,Tangerang,Kurir A,10.1,48,1,26105
2026-05-03,Jakarta Pusat,Kurir A,2.1,23,1,13538
2026-04-12,Bekasi,Kurir C,19.2,80,1,39710
2026-04-22,Jakarta Pusat,Kurir D,7.4,43,1,22311
2026-05-17,Depok,Kurir B,9.7,56,1,25827
2026-03-25,Tangerang,Kurir G,9.2,61,1,24212
2026-03-21,Jakarta Pusat,Kurir A,8.5,48,1,24099
2026-05-16,Jakarta Pusat,Kurir D,7.6,44,1,22187
2026-04-23,Jakarta Selatan,Kurir G,6.8,41,1,19618
2026-05-31,Jakarta Selatan,Kurir A,1.0,26,1,11990
2026-05-08,Bogor,Kurir E,19.0,92,1,39956
2026-05-26,Depok,Kurir D,2.9,34,1,14098
2026-03-20,Bekasi,Kurir B,15.8,76,1,34113
2026-05-23,Jakarta Selatan,Kurir B,3.1,28,1,15187
2026-03-31,Depok,Kurir E,11.7,57,1,28827
2026-04-27,Jakarta Selatan,Kurir D,7.4,48,1,22060
2026-05-09,Tangerang,Kurir F,3.9,31,1,15426
2026-05-30,Bekasi,Kurir H,13.8,69,1,31896
2026-05-02,Jakarta Selatan,Kurir A,13.9,66,1,31943
2026-03-10,Depok,Kurir C,13.9,64,1,31236
2026-05-28,Jakarta Pusat,Kurir C,1.1,22,1,11909
2026-04-29,Depok,Kurir F,18.0,90,1,38979
2026-04-30,Tangerang,Kurir F,12.1,60,1,28072
2026-05-26,Bogor,Kurir A,13.5,73,1,30998
2026-04-11,Bogor,Kurir H,22.1,115,1,44658
2026-04-27,Tangerang,Kurir E,14.7,70,1,33651
2026-04-21,Jakarta Pusat,Kurir G,7.0,47,1,19784
2026-03-12,Bogor,Kurir B,15.2,85,1,33950
2026-05-29,Jakarta Pusat,Kurir F,1.7,26,1,12925
2026-03-02,Tangerang,Kurir H,10.7,58,1,26983
2026-03-19,Bogor,Kurir C,18.9,102,1,39921
2026-04-03,Bogor,Kurir F,9.3,62,1,25080
2026-04-27,Depok,Kurir E,20.3,90,1,42373
2026-05-19,Jakarta Selatan,Kurir D,15.1,63,1,32790
2026-04-01,Tangerang,Kurir B,17.9,75,1,38883
2026-04-15,Jakarta Pusat,Kurir D,1.0,26,1,11640
2026-03-13,Depok,Kurir A,18.2,82,1,39412
2026-04-07,Jakarta Selatan,Kurir G,5.7,39,1,18178
2026-05-06,Tangerang,Kurir B,15.6,73,1,35024
2026-05-28,Bogor,Kurir G,19.9,97,1,41847
2026-04-09,Jakarta Pusat,Kurir G,2.0,30,1,12988
2026-05-28,Bogor,Kurir D,25.3,132,0,56738
2026-05-23,Tangerang,Kurir G,20.4,112,0,47977
2026-05-29,Jakarta Selatan,Kurir F,7.4,37,1,20388
2026-03-06,Depok,Kurir H,16.4,88,1,36570
2026-03-30,Jakarta Selatan,Kurir A,6.7,40,1,19421
2026-05-13,Depok,Kurir H,15.3,68,1,33325
2026-05-23,Jakarta Selatan,Kurir G,5.8,41,1,18170
2026-04-06,Jakarta Selatan,Kurir H,6.9,46,1,20382
2026-03-28,Jakarta Pusat,Kurir H,1.0,24,1,10688
2026-03-09,Jakarta Selatan,Kurir A,10.2,57,1,25631
2026-05-18,Bekasi,Kurir G,9.9,72,0,30953
2026-04-25,Tangerang,Kurir H,8.7,59,1,23312
2026-05-11,Tangerang,Kurir F,6.0,42,1,18755
2026-05-02,Jakarta Selatan,Kurir A,14.3,65,1,32616
2026-04-11,Jakarta Selatan,Kurir B,6.2,45,1,19332
2026-03-15,Tangerang,Kurir D,8.0,46,1,22254
2026-03-11,Tangerang,Kurir F,15.7,79,1,33748
2026-04-25,Jakarta Pusat,Kurir B,8.4,45,1,22066
2026-03-15,Jakarta Pusat,Kurir H,3.0,31,1,14960
2026-05-21,Bekasi,Kurir A,14.3,71,1,32975
2026-04-01,Depok,Kurir D,20.1,93,1,41585
2026-03-18,Jakarta Selatan,Kurir D,5.4,39,1,18621
2026-03-22,Jakarta Pusat,Kurir H,8.6,54,1,24014
2026-04-30,Depok,Kurir G,10.7,57,1,27451
2026-03-16,Depok,Kurir G,12.4,67,1,29624
2026-04-26,Depok,Kurir B,15.5,82,1,34283
2026-04-16,Jakarta Pusat,Kurir B,4.8,33,1,18008
2026-03-07,Jakarta Pusat,Kurir D,9.2,49,1,24894
2026-03-26,Depok,Kurir F,4.6,33,1,16722
2026-03-19,Jakarta Pusat,Kurir A,1.0,22,1,11720
2026-04-11,Jakarta Pusat,Kurir C,5.7,34,1,18592
2026-03-21,Depok,Kurir G,13.4,68,1,31076
2026-03-19,Jakarta Selatan,Kurir H,8.1,53,1,21784
2026-04-05,Jakarta Pusat,Kurir E,4.6,35,1,16796
2026-05-07,Bogor,Kurir C,12.9,67,1,31083
2026-04-11,Bekasi,Kurir H,18.4,103,0,45877
2026-03-06,Tangerang,Kurir F,13.2,63,1,31019
2026-04-16,Jakarta Pusat,Kurir H,3.4,32,1,14501
2026-04-07,Tangerang,Kurir E,10.7,51,1,26601
2026-03-04,Jakarta Selatan,Kurir E,10.4,51,1,25280
2026-03-12,Jakarta Pusat,Kurir C,6.7,39,1,20618
2026-04-20,Jakarta Pusat,Kurir F,4.6,28,1,16450
2026-04-14,Tangerang,Kurir H,7.9,53,1,21448
2026-03-07,Bekasi,Kurir A,18.6,80,1,40182
2026-04-26,Bekasi,Kurir F,14.1,64,1,32064
2026-05-04,Jakarta Pusat,Kurir A,5.0,34,1,17909
2026-03-30,Bekasi,Kurir F,13.3,74,1,30376
2026-05-06,Bogor,Kurir E,19.1,92,1,39955
2026-05-19,Jakarta Pusat,Kurir B,6.7,38,1,20406
2026-04-02,Bekasi,Kurir D,17.0,95,1,36948
2026-03-24,Depok,Kurir D,12.3,62,1,28223
2026-04-06,Bekasi,Kurir C,15.5,70,1,33453
2026-03-25,Jakarta Selatan,Kurir E,9.8,53,1,24993
2026-04-02,Bekasi,Kurir C,10.0,55,1,25154
2026-04-03,Bekasi,Kurir G,12.9,77,1,29631
2026-03-14,Bekasi,Kurir D,14.4,70,1,32963
2026-05-23,Tangerang,Kurir H,13.9,73,1,31529
2026-03-23,Tangerang,Kurir H,9.1,57,1,24736
2026-05-09,Depok,Kurir D,15.0,80,1,34227
2026-03-20,Jakarta Pusat,Kurir E,4.6,36,1,16518
2026-03-13,Jakarta Pusat,Kurir C,8.5,49,1,23858
2026-04-04,Depok,Kurir H,11.3,71,1,28361
2026-03-25,Jakarta Selatan,Kurir H,7.8,43,1,21183
2026-04-02,Bogor,Kurir F,12.3,62,1,28596
2026-04-21,Jakarta Pusat,Kurir D,2.6,30,1,13089
2026-03-21,Bogor,Kurir G,15.3,93,0,39285
2026-04-23,Jakarta Selatan,Kurir B,6.9,38,1,21174
2026-05-03,Jakarta Pusat,Kurir A,7.2,41,1,20654
2026-04-10,Jakarta Pusat,Kurir D,9.6,45,1,24971
2026-05-24,Bekasi,Kurir H,20.1,104,1,42406
2026-03-26,Depok,Kurir A,1.9,28,1,12955
2026-05-29,Tangerang,Kurir C,12.6,64,1,29092
2026-04-11,Jakarta Pusat,Kurir D,7.6,46,1,22203
2026-04-24,Tangerang,Kurir E,13.2,73,1,29946
2026-03-15,Bogor,Kurir E,21.4,111,1,43895
2026-05-05,Tangerang,Kurir A,3.6,29,1,14489
2026-05-18,Depok,Kurir A,15.3,65,1,33673
2026-03-22,Jakarta Selatan,Kurir H,13.3,68,1,31584
2026-03-19,Jakarta Pusat,Kurir C,9.2,45,1,24607
2026-03-01,Jakarta Selatan,Kurir C,12.1,56,1,28607
2026-03-31,Bekasi,Kurir E,14.7,85,1,33157
2026-04-15,Bekasi,Kurir E,18.7,101,1,39722
2026-05-28,Jakarta Selatan,Kurir H,3.3,33,1,14831
2026-04-29,Depok,Kurir H,15.3,87,1,34390
2026-03-11,Depok,Kurir C,11.9,64,1,28293
2026-05-25,Bogor,Kurir A,18.4,100,1,37940
2026-05-08,Depok,Kurir D,7.5,45,1,21882
2026-04-05,Bogor,Kurir F,16.7,84,1,35961
2026-04-29,Bogor,Kurir C,20.5,103,1,42716
2026-04-09,Bekasi,Kurir E,18.1,79,1,38272
2026-03-11,Depok,Kurir E,11.1,57,1,26679
2026-03-18,Depok,Kurir E,9.7,60,1,24747
2026-03-28,Tangerang,Kurir D,11.2,55,1,28137
2026-05-16,Bogor,Kurir H,17.3,103,0,43303
2026-04-08,Tangerang,Kurir A,13.7,65,1,32179
2026-04-17,Jakarta Pusat,Kurir F,4.6,28,1,17734
2026-04-12,Bekasi,Kurir H,15.8,83,1,34165
2026-05-19,Bekasi,Kurir A,11.8,58,1,27768
2026-05-14,Jakarta Selatan,Kurir C,1.0,22,1,11653
2026-03-14,Jakarta Selatan,Kurir H,10.2,54,1,26415
2026-04-23,Bogor,Kurir C,14.6,89,0,38400
2026-04-07,Bogor,Kurir B,19.6,101,1,41820
2026-05-08,Depok,Kurir H,14.4,75,1,32850
2026-05-16,Tangerang,Kurir E,13.5,75,1,31791
2026-03-02,Tangerang,Kurir E,16.0,76,1,35548
2026-03-16,Depok,Kurir A,17.4,74,1,38120
2026-04-08,Tangerang,Kurir F,18.9,90,1,39950
2026-04-03,Depok,Kurir E,14.0,67,1,32673
2026-04-23,Bekasi,Kurir G,10.4,73,0,32778
2026-04-11,Bekasi,Kurir H,9.5,55,1,24215
2026-05-21,Bekasi,Kurir E,8.4,56,1,22575
2026-05-20,Bogor,Kurir A,17.7,86,1,37452
2026-04-29,Bekasi,Kurir C,10.7,61,1,26986
2026-03-11,Bekasi,Kurir C,13.6,62,1,32065
2026-05-05,Tangerang,Kurir D,12.9,69,1,30767
2026-05-24,Jakarta Pusat,Kurir C,6.6,43,1,20039
2026-03-15,Jakarta Pusat,Kurir A,6.1,36,1,18950
2026-05-04,Jakarta Pusat,Kurir A,3.0,27,1,13442
2026-03-16,Bekasi,Kurir B,15.7,84,1,34181
2026-04-02,Jakarta Pusat,Kurir F,1.0,21,1,11641
2026-05-06,Jakarta Pusat,Kurir F,1.6,21,1,11371
2026-03-03,Jakarta Selatan,Kurir E,9.4,52,1,24492
2026-03-27,Depok,Kurir D,9.9,59,1,25005
2026-05-11,Jakarta Selatan,Kurir H,8.3,53,1,22392
2026-04-07,Depok,Kurir E,13.0,73,1,30068
2026-04-28,Jakarta Selatan,Kurir D,10.5,50,1,26164
2026-05-16,Bekasi,Kurir D,8.7,51,1,23268
2026-04-06,Jakarta Pusat,Kurir F,7.5,39,1,20734
2026-04-15,Tangerang,Kurir G,15.7,83,1,35165
2026-05-24,Bekasi,Kurir A,14.5,76,1,31795
2026-04-28,Bogor,Kurir F,17.0,85,1,36164
2026-04-03,Bekasi,Kurir H,6.4,45,1,19283
2026-03-05,Jakarta Pusat,Kurir F,4.6,29,1,17412
2026-04-07,Bekasi,Kurir E,13.2,79,1,29731
2026-03-20,Bekasi,Kurir A,15.5,77,1,34339
2026-05-07,Bogor,Kurir G,16.1,107,0,41877
2026-05-04,Tangerang,Kurir D,17.6,81,1,37504
2026-05-16,Jakarta Selatan,Kurir G,6.8,45,1,19664
2026-05-23,Jakarta Selatan,Kurir B,14.7,76,1,33277
2026-05-08,Jakarta Pusat,Kurir C,9.2,42,1,23221
2026-03-21,Tangerang,Kurir E,8.0,51,1,22599
2026-04-20,Depok,Kurir H,6.6,46,1,19453
2026-05-29,Tangerang,Kurir C,9.6,57,1,24784
2026-04-18,Jakarta Pusat,Kurir H,8.9,47,1,22804
2026-03-14,Depok,Kurir D,13.4,66,1,31243
2026-05-01,Jakarta Pusat,Kurir F,7.1,39,1,21831
2026-05-12,Bogor,Kurir G,18.7,114,0,45694
2026-03-05,Jakarta Pusat,Kurir C,5.3,39,1,18358
2026-03-24,Jakarta Pusat,Kurir E,7.7,45,1,21092
2026-03-29,Bekasi,Kurir F,8.8,52,1,23583
2026-03-02,Bekasi,Kurir H,13.0,66,1,29372
2026-04-27,Jakarta Pusat,Kurir H,6.3,38,1,18622
2026-03-10,Tangerang,Kurir B,13.1,62,1,29761
2026-05-07,Jakarta Pusat,Kurir E,6.4,37,1,19469
2026-03-27,Bekasi,Kurir D,15.6,80,1,34053
2026-03-05,Jakarta Selatan,Kurir B,13.5,57,1,30142
2026-03-30,Bogor,Kurir A,11.9,73,1,29519
2026-04-13,Jakarta Pusat,Kurir E,1.0,22,1,10672
2026-03-10,Jakarta Selatan,Kurir B,6.6,39,1,21042
2026-03-12,Bekasi,Kurir A,6.7,45,1,20192
2026-03-29,Jakarta Pusat,Kurir A,6.5,34,1,20864
2026-03-07,Bekasi,Kurir F,9.9,62,1,25413
2026-03-06,Tangerang,Kurir H,17.9,82,1,37325
2026-04-09,Jakarta Pusat,Kurir E,3.3,28,1,13868
2026-05-20,Jakarta Selatan,Kurir F,10.8,49,1,27417
2026-05-08,Bekasi,Kurir E,14.4,86,1,32643
2026-03-14,Tangerang,Kurir H,17.6,86,1,37955
2026-03-17,Bogor,Kurir H,14.9,96,0,38761
2026-03-24,Depok,Kurir B,11.0,64,1,27531
2026-05-19,Bekasi,Kurir A,14.5,72,1,32222
2026-03-17,Jakarta Pusat,Kurir B,11.6,58,1,28582
2026-03-07,Jakarta Pusat,Kurir D,5.5,40,1,18617
2026-05-30,Bogor,Kurir A,23.8,105,1,47498
2026-03-26,Tangerang,Kurir C,8.5,45,1,23950
2026-03-16,Bogor,Kurir E,14.7,84,1,32102
2026-03-06,Jakarta Selatan,Kurir E,3.3,30,1,15750
2026-04-26,Jakarta Selatan,Kurir D,16.9,73,1,35933
2026-03-21,Jakarta Selatan,Kurir A,14.5,68,1,33316
2026-04-17,Bekasi,Kurir C,10.9,56,1,26993
2026-04-08,Depok,Kurir A,13.1,67,1,30759
2026-03-13,Bekasi,Kurir H,15.7,72,1,33842
2026-03-12,Jakarta Selatan,Kurir A,7.5,40,1,20602
2026-05-18,Depok,Kurir E,8.0,47,1,21892
2026-04-18,Tangerang,Kurir A,12.3,64,1,29046
2026-04-18,Bekasi,Kurir F,14.7,77,1,32828
2026-05-28,Depok,Kurir D,14.4,72,1,31643
2026-04-12,Tangerang,Kurir A,8.4,48,1,22998
2026-05-29,Jakarta Pusat,Kurir H,4.4,30,1,16774
2026-05-21,Bogor,Kurir C,13.0,75,1,29757
2026-05-25,Tangerang,Kurir G,12.2,75,1,28148
2026-03-26,Tangerang,Kurir G,4.3,44,0,22707
2026-03-25,Bekasi,Kurir G,6.1,55,0,25061
2026-05-01,Depok,Kurir C,8.6,49,1,22659
2026-05-05,Depok,Kurir G,9.9,57,1,25459
2026-03-18,Jakarta Selatan,Kurir A,10.5,47,1,27291
2026-03-17,Tangerang,Kurir G,11.9,74,1,27891
2026-04-04,Bekasi,Kurir A,12.4,69,1,29387
2026-03-18,Bogor,Kurir E,18.6,110,0,44418
2026-04-08,Jakarta Selatan,Kurir B,11.7,59,1,28640
2026-05-25,Tangerang,Kurir A,13.7,58,1,30504
2026-04-29,Depok,Kurir E,13.7,72,1,32162
2026-04-15,Bekasi,Kurir H,16.9,91,1,37421
2026-04-29,Jakarta Pusat,Kurir H,12.9,64,1,30766
2026-03-17,Bekasi,Kurir B,12.9,71,1,31039
2026-03-06,Jakarta Pusat,Kurir C,2.4,28,1,14146
2026-05-05,Jakarta Selatan,Kurir G,4.4,35,1,15597
2026-03-21,Tangerang,Kurir E,13.3,69,1,31533
2026-04-30,Jakarta Pusat,Kurir F,6.8,43,1,19483
2026-05-04,Tangerang,Kurir C,9.8,55,1,24857
2026-04-14,Depok,Kurir H,13.3,66,1,30091
2026-04-11,Depok,Kurir C,20.0,80,1,40839
2026-04-20,Jakarta Selatan,Kurir A,12.7,53,1,29125
2026-05-10,Depok,Kurir F,12.8,68,1,30411
2026-05-14,Bogor,Kurir C,21.1,96,1,43527
2026-03-18,Jakarta Pusat,Kurir H,7.5,41,1,21931
2026-05-22,Jakarta Pusat,Kurir C,1.0,21,1,11926
2026-05-11,Bogor,Kurir B,21.7,118,0,51021
2026-04-14,Bogor,Kurir D,15.9,95,0,41772
2026-04-06,Depok,Kurir D,15.2,71,1,34169
2026-03-01,Depok,Kurir D,12.9,70,1,29989
2026-03-27,Jakarta Pusat,Kurir B,5.1,38,1,17032
2026-05-03,Jakarta Pusat,Kurir F,1.0,23,1,11009
2026-03-27,Tangerang,Kurir G,14.8,69,1,33420
2026-03-21,Bekasi,Kurir F,12.9,73,1,30305
2026-03-20,Bekasi,Kurir A,9.4,52,1,23700
2026-04-22,Depok,Kurir A,14.3,65,1,32743
2026-05-27,Bogor,Kurir C,13.6,77,1,31520
2026-04-09,Tangerang,Kurir H,9.5,59,1,24558
2026-03-31,Bekasi,Kurir G,12.1,77,0,34890
2026-05-04,Bogor,Kurir A,25.4,126,1,49535
2026-05-04,Tangerang,Kurir G,11.9,72,1,28373
2026-05-03,Tangerang,Kurir A,14.3,77,1,33146
2026-05-03,Bogor,Kurir F,21.8,115,1,43787
2026-04-02,Jakarta Selatan,Kurir D,5.3,40,1,17793
2026-03-31,Bekasi,Kurir G,10.4,74,0,32119
2026-04-01,Depok,Kurir B,21.7,104,1,43377
2026-05-19,Jakarta Pusat,Kurir F,11.9,51,1,29356
2026-04-16,Bekasi,Kurir C,11.1,55,1,27913
2026-05-27,Bekasi,Kurir D,12.0,60,1,28345
2026-03-27,Jakarta Selatan,Kurir G,10.6,54,1,26905
2026-03-14,Tangerang,Kurir E,11.0,53,1,26229
2026-04-24,Bekasi,Kurir B,14.3,85,1,31812
2026-05-13,Tangerang,Kurir A,10.1,52,1,25972
2026-03-02,Tangerang,Kurir G,14.2,71,1,31232
2026-03-08,Jakarta Selatan,Kurir B,12.5,66,1,29748
2026-04-27,Jakarta Selatan,Kurir D,12.3,55,1,28263
2026-04-19,Depok,Kurir A,21.0,98,1,42297
2026-05-09,Depok,Kurir C,16.3,84,1,34725
2026-04-19,Jakarta Selatan,Kurir C,12.6,64,1,29731
2026-05-31,Jakarta Selatan,Kurir H,5.9,36,1,18955
2026-03-29,Jakarta Pusat,Kurir D,6.2,35,1,20200
2026-04-09,Jakarta Pusat,Kurir E,14.2,58,1,32299
2026-04-17,Depok,Kurir G,10.1,64,1,25845
2026-03-12,Jakarta Pusat,Kurir C,5.1,32,1,17533
2026-05-11,Bekasi,Kurir G,6.8,53,1,20989
2026-03-03,Tangerang,Kurir D,11.3,65,1,26915
2026-03-20,Depok,Kurir G,20.5,102,1,41385
2026-05-21,Jakarta Pusat,Kurir D,6.1,44,1,19405
2026-05-11,Jakarta Selatan,Kurir F,10.5,52,1,25594
2026-04-16,Jakarta Selatan,Kurir B,8.6,43,1,23179
2026-05-20,Bekasi,Kurir F,8.1,45,1,23345
2026-05-11,Jakarta Selatan,Kurir F,9.8,52,1,26155
2026-05-03,Depok,Kurir G,9.4,58,1,25091
2026-04-05,Bekasi,Kurir E,20.0,93,1,41355
2026-04-29,Bekasi,Kurir D,14.5,85,1,32949
2026-04-02,Jakarta Selatan,Kurir C,1.2,21,1,12248
2026-03-07,Jakarta Selatan,Kurir H,13.4,58,1,31426
2026-05-07,Bogor,Kurir H,27.3,127,1,53614
2026-05-03,Jakarta Pusat,Kurir H,1.0,22,1,10823
2026-03-31,Tangerang,Kurir B,10.9,52,1,26567
2026-05-22,Tangerang,Kurir D,5.9,46,1,18185
2026-04-02,Depok,Kurir G,7.5,52,1,21303
2026-03-15,Depok,Kurir A,18.2,83,1,38898
2026-03-22,Tangerang,Kurir E,9.3,50,1,24580
2026-03-19,Depok,Kurir F,14.8,63,1,33902
2026-03-02,Jakarta Selatan,Kurir B,11.2,52,1,27674
2026-04-15,Jakarta Pusat,Kurir A,12.1,61,1,29440
2026-03-06,Jakarta Pusat,Kurir F,2.2,23,1,12984
2026-03-19,Depok,Kurir C,18.1,77,1,37572
2026-05-28,Bogor,Kurir G,14.6,91,0,39734
2026-04-26,Depok,Kurir H,14.5,81,1,32090
2026-03-28,Depok,Kurir B,7.4,54,1,21028
2026-03-08,Bekasi,Kurir C,10.0,51,1,25317
2026-04-19,Bogor,Kurir E,21.5,118,0,49215
2026-05-20,Depok,Kurir D,15.7,84,1,35363
2026-05-05,Bogor,Kurir G,19.3,123,0,45495
2026-03-01,Bekasi,Kurir C,20.8,93,1,42418
2026-03-17,Jakarta Pusat,Kurir E,8.3,50,1,23123
2026-03-24,Bogor,Kurir E,18.0,94,1,38993
2026-05-08,Depok,Kurir G,15.4,83,1,33522
2026-03-30,Jakarta Pusat,Kurir C,12.0,49,1,29128
2026-03-04,Jakarta Pusat,Kurir C,5.1,39,1,17624
2026-04-17,Bogor,Kurir A,18.9,109,0,45327
2026-03-07,Jakarta Selatan,Kurir E,9.8,57,1,25293
2026-04-15,Tangerang,Kurir D,11.5,62,1,26900
2026-05-20,Bekasi,Kurir A,21.8,96,1,44371
2026-05-03,Bogor,Kurir D,12.5,81,0,35706
2026-04-04,Jakarta Pusat,Kurir F,11.3,48,1,28559
2026-03-20,Depok,Kurir C,10.9,67,1,25949
2026-04-06,Jakarta Selatan,Kurir B,12.4,63,1,29890
2026-03-04,Jakarta Selatan,Kurir F,9.0,48,1,23022
2026-05-18,Bogor,Kurir D,16.4,88,1,35918
2026-05-24,Jakarta Pusat,Kurir B,1.0,20,1,11558
2026-03-03,Jakarta Selatan,Kurir D,1.1,22,1,11046
2026-03-22,Tangerang,Kurir A,11.3,60,1,28524
2026-05-02,Jakarta Selatan,Kurir D,8.3,42,1,22732
2026-04-13,Bogor,Kurir A,13.0,68,1,31081
2026-03-18,Bekasi,Kurir D,16.3,84,1,35631
2026-03-11,Bekasi,Kurir G,23.4,121,1,46904
2026-03-28,Jakarta Selatan,Kurir B,15.3,66,1,33905
2026-05-01,Bogor,Kurir C,19.0,86,1,40756
2026-05-22,Jakarta Pusat,Kurir A,4.2,36,1,15785
2026-04-18,Bekasi,Kurir B,12.7,70,1,29035
2026-03-18,Depok,Kurir A,14.6,73,1,31902
2026-04-30,Depok,Kurir E,10.4,51,1,25813
2026-05-22,Tangerang,Kurir A,7.1,47,1,21707
2026-03-17,Bogor,Kurir F,22.0,117,1,44242
2026-03-30,Bekasi,Kurir F,16.6,72,1,36170
2026-03-17,Bogor,Kurir D,17.7,107,0,43907
2026-04-24,Jakarta Pusat,Kurir C,8.8,48,1,23062
2026-03-11,Bekasi,Kurir A,13.6,72,1,31757
2026-03-22,Depok,Kurir D,20.9,107,1,43707
2026-05-21,Bogor,Kurir C,10.8,68,1,26464
2026-05-21,Tangerang,Kurir F,14.4,73,1,31798
2026-04-21,Bogor,Kurir E,15.2,85,1,34781
2026-05-25,Bogor,Kurir E,19.4,95,1,39684
2026-05-30,Bekasi,Kurir C,9.4,49,1,25485
2026-05-18,Bogor,Kurir G,16.4,85,1,35615
2026-04-15,Jakarta Selatan,Kurir A,8.0,47,1,22084
2026-04-26,Bekasi,Kurir F,11.9,64,1,29205
2026-03-19,Bogor,Kurir F,19.3,101,1,39427
2026-04-13,Jakarta Pusat,Kurir C,6.7,41,1,20727
2026-03-08,Depok,Kurir E,10.2,62,1,26784
2026-04-27,Depok,Kurir E,9.6,61,1,24392
2026-03-14,Jakarta Selatan,Kurir B,11.5,65,1,27075
2026-03-17,Bogor,Kurir D,17.3,99,0,42445
2026-04-14,Depok,Kurir A,6.6,43,1,19312
2026-03-16,Bogor,Kurir H,12.2,72,1,29390
2026-03-25,Depok,Kurir C,7.1,49,1,20547
2026-04-30,Depok,Kurir C,12.0,68,1,27810
2026-04-30,Jakarta Pusat,Kurir H,1.0,24,1,11156
2026-03-13,Bekasi,Kurir E,16.4,86,1,35722
2026-03-10,Jakarta Pusat,Kurir F,6.9,37,1,21436
2026-05-08,Jakarta Pusat,Kurir G,6.6,40,1,19444
2026-05-29,Bekasi,Kurir A,15.6,68,1,35346
2026-04-05,Jakarta Selatan,Kurir B,14.4,73,1,32335
2026-05-30,Jakarta Pusat,Kurir C,4.9,33,1,18227
2026-04-18,Bekasi,Kurir A,13.5,78,1,30259
2026-05-17,Depok,Kurir G,17.3,83,1,38106
2026-03-12,Jakarta Selatan,Kurir C,2.0,28,1,13677
2026-05-15,Jakarta Pusat,Kurir A,2.9,28,1,15109
2026-04-04,Bogor,Kurir C,18.1,100,1,38833
2026-05-28,Bogor,Kurir C,14.7,87,1,33263
2026-05-11,Bekasi,Kurir D,17.7,89,1,38278
2026-05-03,Tangerang,Kurir A,13.8,65,1,31729
2026-05-03,Jakarta Pusat,Kurir F,3.6,28,1,15968
2026-03-21,Jakarta Selatan,Kurir C,10.0,48,1,25682
2026-03-23,Bogor,Kurir H,13.8,81,1,30944
2026-05-19,Depok,Kurir C,19.0,98,1,40049
2026-03-15,Depok,Kurir D,7.6,49,1,21502
2026-05-06,Tangerang,Kurir C,9.7,53,1,24568
2026-03-28,Jakarta Pusat,Kurir A,10.9,46,1,27384
2026-04-27,Tangerang,Kurir H,1.0,24,1,11855
2026-03-19,Tangerang,Kurir C,9.7,48,1,25988
2026-04-12,Bogor,Kurir D,20.2,103,1,41512
2026-04-28,Jakarta Pusat,Kurir D,8.1,47,1,22106
2026-04-19,Depok,Kurir H,2.5,35,1,13137
2026-04-14,Depok,Kurir F,17.8,88,1,37750
2026-05-15,Jakarta Pusat,Kurir B,8.0,45,1,21523
2026-03-04,Jakarta Pusat,Kurir F,8.7,42,1,22656
2026-03-18,Bogor,Kurir A,19.1,105,1,40179
2026-05-02,Bekasi,Kurir G,6.6,49,1,19303
2026-04-21,Bekasi,Kurir C,16.1,86,1,34376
2026-04-18,Bekasi,Kurir B,13.6,78,1,30728
2026-05-03,Jakarta Pusat,Kurir C,2.8,31,1,13195
2026-03-25,Jakarta Pusat,Kurir F,1.0,23,1,11223
2026-05-01,Jakarta Selatan,Kurir B,12.8,55,1,29374
2026-05-13,Tangerang,Kurir B,13.1,68,1,29641
2026-05-02,Bekasi,Kurir C,14.4,72,1,32804
2026-04-02,Bogor,Kurir H,22.9,112,1,45318
2026-03-27,Tangerang,Kurir G,8.0,54,1,22338
2026-04-28,Tangerang,Kurir A,9.6,53,1,25535
2026-05-22,Tangerang,Kurir A,22.3,96,1,45256
2026-04-29,Bogor,Kurir E,17.9,97,1,38068
2026-03-12,Jakarta Selatan,Kurir C,13.7,61,1,31383
2026-03-28,Jakarta Selatan,Kurir A,9.6,47,1,24972
2026-04-28,Bogor,Kurir H,23.6,120,1,47966
2026-03-23,Jakarta Pusat,Kurir H,2.5,25,1,12552
2026-03-07,Bogor,Kurir E,22.5,110,1,45920
2026-04-05,Bekasi,Kurir C,12.7,70,1,30382
2026-03-13,Jakarta Selatan,Kurir E,4.6,38,1,16932
2026-04-02,Bogor,Kurir E,12.6,83,0,35918
2026-04-05,Jakarta Pusat,Kurir C,9.3,46,1,23793
2026-05-25,Jakarta Pusat,Kurir A,6.6,43,1,20531
2026-03-03,Jakarta Selatan,Kurir G,9.8,63,1,24396
2026-05-28,Jakarta Pusat,Kurir A,10.1,45,1,25445
2026-04-04,Tangerang,Kurir C,10.5,63,1,26745
2026-05-14,Bogor,Kurir H,25.8,130,1,50583
2026-04-04,Depok,Kurir E,10.4,59,1,26191
2026-05-20,Bogor,Kurir F,18.5,91,1,39763
2026-04-01,Bekasi,Kurir F,16.4,69,1,35746
2026-05-24,Jakarta Pusat,Kurir F,11.5,54,1,28698
2026-03-17,Bogor,Kurir D,17.0,93,1,37465
2026-03-09,Depok,Kurir B,7.6,46,1,22052
2026-05-26,Jakarta Pusat,Kurir A,11.3,53,1,28403
2026-04-09,Bogor,Kurir C,16.6,90,1,36161
2026-05-04,Jakarta Selatan,Kurir D,7.9,47,1,22359
2026-05-31,Jakarta Selatan,Kurir E,5.4,43,1,18443
2026-03-13,Jakarta Pusat,Kurir D,1.0,24,1,12044
2026-04-21,Bekasi,Kurir G,18.7,111,0,45181
2026-04-24,Jakarta Selatan,Kurir D,10.0,54,1,26498
2026-05-08,Tangerang,Kurir H,7.9,54,1,22172
2026-05-14,Bekasi,Kurir A,14.8,79,1,32600
2026-05-25,Bogor,Kurir B,13.1,86,0,37434
2026-05-02,Jakarta Selatan,Kurir A,12.4,59,1,30164
2026-04-30,Bekasi,Kurir B,16.0,83,1,34182
2026-04-23,Bogor,Kurir F,23.7,111,1,46524
2026-03-14,Jakarta Pusat,Kurir G,5.3,37,1,18382
2026-05-12,Tangerang,Kurir G,14.1,79,1,31579
2026-04-17,Tangerang,Kurir C,8.0,42,1,23053
2026-03-31,Bekasi,Kurir C,19.2,104,1,39544
2026-03-06,Depok,Kurir H,9.8,62,1,24987
2026-04-15,Tangerang,Kurir G,12.3,72,1,28302
2026-05-19,Jakarta Pusat,Kurir G,5.2,35,1,17616
2026-05-10,Bogor,Kurir A,14.9,89,0,38429
2026-03-05,Bekasi,Kurir E,18.1,86,1,39143
2026-04-14,Bekasi,Kurir H,11.2,72,1,27158
2026-04-30,Jakarta Selatan,Kurir C,6.6,45,1,19982
2026-05-29,Jakarta Selatan,Kurir C,1.7,27,1,12234
2026-04-16,Jakarta Selatan,Kurir E,12.6,64,1,30326
2026-05-24,Depok,Kurir D,13.8,63,1,31309
2026-03-29,Tangerang,Kurir A,19.3,93,1,39661
2026-05-23,Depok,Kurir G,14.6,88,0,38271
2026-05-15,Jakarta Pusat,Kurir B,3.3,26,1,14796
2026-04-18,Tangerang,Kurir E,7.0,43,1,19786
2026-05-16,Jakarta Selatan,Kurir E,7.9,49,1,21274
2026-05-31,Depok,Kurir F,11.8,55,1,28120
2026-03-05,Bogor,Kurir B,16.0,77,1,34360
2026-03-28,Tangerang,Kurir A,16.2,85,1,35407
2026-05-08,Tangerang,Kurir B,15.0,74,1,34167
2026-05-18,Jakarta Selatan,Kurir E,13.9,63,1,31404
2026-05-24,Jakarta Selatan,Kurir E,6.4,38,1,20425
2026-05-14,Bogor,Kurir C,20.2,100,1,42472
2026-03-24,Bogor,Kurir F,14.5,74,1,33357
2026-04-23,Jakarta Pusat,Kurir A,7.8,42,1,21197
2026-05-16,Bogor,Kurir D,15.8,90,1,33877
2026-03-04,Bekasi,Kurir A,10.7,60,1,26816
2026-03-13,Depok,Kurir B,13.9,68,1,32218
2026-05-20,Tangerang,Kurir G,15.3,81,1,33578
2026-04-01,Bekasi,Kurir A,9.2,61,1,24675
2026-05-03,Tangerang,Kurir H,15.2,75,1,33713
2026-05-22,Jakarta Pusat,Kurir C,5.8,34,1,18429
2026-03-31,Bekasi,Kurir E,19.1,99,1,40479
2026-03-21,Bogor,Kurir B,18.1,86,1,38488
2026-04-29,Bogor,Kurir B,20.5,102,1,42097
2026-03-14,Depok,Kurir E,12.7,67,1,29381
2026-03-23,Tangerang,Kurir C,9.9,48,1,25388
2026-04-16,Depok,Kurir B,22.4,101,1,45226
2026-04-19,Jakarta Pusat,Kurir H,9.4,50,1,25206
2026-03-20,Jakarta Selatan,Kurir H,4.0,36,1,15140
2026-05-24,Depok,Kurir B,12.5,66,1,29013
2026-03-04,Tangerang,Kurir D,10.5,52,1,26858
2026-03-13,Bekasi,Kurir C,20.5,89,1,42029
2026-05-13,Jakarta Selatan,Kurir G,8.7,53,1,22933
2026-03-06,Bekasi,Kurir C,17.5,87,1,38214
2026-04-02,Bogor,Kurir H,17.1,108,0,42876
2026-04-26,Bekasi,Kurir C,18.7,86,1,39942
2026-05-13,Bekasi,Kurir F,16.0,75,1,35924
2026-05-03,Bogor,Kurir E,18.9,95,1,38969
2026-05-03,Tangerang,Kurir G,7.7,45,1,22013
2026-03-13,Jakarta Selatan,Kurir D,12.3,55,1,30114
2026-03-31,Bekasi,Kurir B,9.8,65,1,24556
2026-03-09,Jakarta Pusat,Kurir A,1.0,21,1,11743
2026-04-27,Tangerang,Kurir F,10.4,61,1,27037
2026-05-14,Bekasi,Kurir A,4.0,38,1,15260
2026-04-06,Jakarta Selatan,Kurir F,6.7,36,1,19304
2026-03-22,Jakarta Selatan,Kurir D,8.9,51,1,24567
2026-04-16,Depok,Kurir G,13.6,71,1,30859
2026-04-02,Tangerang,Kurir G,17.0,75,1,36770
2026-04-02,Jakarta Pusat,Kurir G,4.1,37,1,15675
2026-03-24,Tangerang,Kurir G,15.5,75,1,34704
2026-05-11,Jakarta Pusat,Kurir H,1.0,22,1,10550
2026-03-14,Bogor,Kurir D,17.2,101,0,43563
2026-05-15,Jakarta Selatan,Kurir G,4.6,40,1,16808
2026-05-03,Jakarta Pusat,Kurir F,10.3,52,1,26452
2026-05-31,Bogor,Kurir E,14.1,89,0,37967
2026-04-08,Jakarta Pusat,Kurir H,8.3,47,1,22253
2026-05-29,Jakarta Selatan,Kurir G,21.0,97,1,43459
2026-03-27,Depok,Kurir H,12.7,64,1,30336
2026-04-23,Bekasi,Kurir A,15.2,79,1,33857
2026-05-23,Jakarta Selatan,Kurir F,8.7,47,1,23518
2026-04-05,Tangerang,Kurir C,9.3,50,1,24809
2026-03-12,Jakarta Selatan,Kurir F,16.4,76,1,34910
2026-05-28,Tangerang,Kurir F,12.1,61,1,29588
2026-05-25,Tangerang,Kurir H,14.1,80,1,32974
2026-05-03,Jakarta Selatan,Kurir C,6.1,39,1,18902
2026-05-19,Depok,Kurir G,9.6,62,1,24487
2026-04-16,Jakarta Selatan,Kurir D,9.5,55,1,25239
2026-04-04,Bekasi,Kurir E,15.7,71,1,35149
2026-04-23,Bekasi,Kurir D,11.8,75,1,28134
2026-05-30,Jakarta Selatan,Kurir D,7.2,39,1,21186
2026-03-14,Bekasi,Kurir C,17.3,86,1,36218
2026-05-29,Jakarta Pusat,Kurir E,6.1,34,1,18578
2026-04-26,Tangerang,Kurir G,12.5,74,1,29895
2026-05-10,Tangerang,Kurir C,3.2,33,1,14775
2026-03-06,Tangerang,Kurir E,10.3,49,1,25379
2026-05-10,Bekasi,Kurir C,18.3,100,1,38497
2026-04-26,Bekasi,Kurir C,19.3,80,1,39705
2026-04-13,Depok,Kurir E,14.9,83,1,34150
2026-04-06,Bogor,Kurir G,15.5,92,0,40406
2026-03-07,Tangerang,Kurir H,15.2,81,1,33677
2026-03-02,Bogor,Kurir A,23.3,116,1,47474
2026-03-24,Depok,Kurir C,15.4,81,1,34191
2026-04-20,Bogor,Kurir G,16.8,104,0,42190
2026-05-15,Bogor,Kurir B,16.1,98,0,40349
2026-03-13,Jakarta Selatan,Kurir D,5.9,40,1,18984
2026-03-18,Bekasi,Kurir G,13.6,85,0,37520
2026-04-08,Jakarta Selatan,Kurir C,1.0,23,1,10754
2026-05-28,Depok,Kurir C,14.1,72,1,32868
2026-03-14,Jakarta Selatan,Kurir B,6.9,39,1,20135
2026-03-11,Bekasi,Kurir F,12.8,65,1,30324
2026-05-13,Bekasi,Kurir H,14.4,72,1,33308
2026-04-03,Jakarta Pusat,Kurir E,1.0,24,1,11922
2026-03-06,Bogor,Kurir D,22.9,122,0,52759
2026-03-14,Tangerang,Kurir C,10.7,53,1,26775
2026-05-05,Tangerang,Kurir E,12.1,70,1,28530
2026-05-19,Jakarta Selatan,Kurir F,1.4,26,1,11314
2026-05-06,Depok,Kurir A,16.1,70,1,34710
2026-04-16,Tangerang,Kurir A,15.3,69,1,33943
2026-05-18,Jakarta Selatan,Kurir E,5.8,36,1,19077
2026-04-10,Jakarta Pusat,Kurir F,8.1,43,1,22066
2026-04-08,Tangerang,Kurir G,11.3,74,0,33888
2026-04-02,Depok,Kurir A,18.2,89,1,38284
2026-03-22,Bekasi,Kurir G,20.4,92,1,42092
2026-05-30,Tangerang,Kurir G,14.7,71,1,32941
2026-04-24,Bekasi,Kurir A,15.1,66,1,33742
2026-03-21,Bogor,Kurir G,17.9,98,1,37910
2026-03-21,Bekasi,Kurir B,15.5,77,1,33965
2026-05-25,Depok,Kurir G,9.7,61,1,25159
2026-03-04,Bogor,Kurir C,18.2,90,1,38716
2026-04-15,Jakarta Selatan,Kurir B,5.5,38,1,18910
2026-05-05,Bogor,Kurir G,15.9,84,1,34817
2026-04-05,Jakarta Selatan,Kurir E,10.0,49,1,25294
2026-03-31,Tangerang,Kurir E,15.6,83,1,34232
2026-05-07,Tangerang,Kurir H,13.0,64,1,31099
2026-03-07,Jakarta Selatan,Kurir A,10.2,53,1,24922
2026-03-07,Jakarta Pusat,Kurir F,3.1,25,1,14743
2026-05-16,Jakarta Pusat,Kurir E,8.0,43,1,22184
2026-04-24,Jakarta Pusat,Kurir H,3.3,27,1,15472
2026-04-19,Bekasi,Kurir A,17.7,82,1,37725
2026-05-27,Jakarta Pusat,Kurir D,3.7,35,1,16367
2026-05-01,Bekasi,Kurir A,12.8,64,1,30106
2026-03-19,Jakarta Pusat,Kurir H,8.8,47,1,22850
2026-03-05,Depok,Kurir A,13.3,69,1,30844
2026-04-07,Tangerang,Kurir B,6.3,46,1,19629
2026-04-02,Depok,Kurir F,14.7,66,1,32209
2026-05-20,Jakarta Pusat,Kurir E,11.3,60,1,27824
2026-04-01,Jakarta Pusat,Kurir G,6.4,47,1,19252
2026-05-01,Jakarta Selatan,Kurir E,12.6,68,1,29640
2026-04-27,Depok,Kurir F,10.4,56,1,25368
2026-04-03,Jakarta Selatan,Kurir G,7.0,47,1,19863
2026-05-31,Bekasi,Kurir D,6.0,40,1,18427
2026-05-12,Jakarta Pusat,Kurir F,5.9,35,1,18062
2026-04-27,Bekasi,Kurir D,11.4,64,1,27545
2026-05-01,Bogor,Kurir F,16.8,97,0,42009
2026-03-07,Bekasi,Kurir G,10.5,67,1,25565
2026-03-17,Depok,Kurir C,10.4,50,1,27032
2026-04-03,Tangerang,Kurir D,1.8,28,1,13096
2026-04-08,Depok,Kurir B,18.7,99,1,39892
2026-03-04,Jakarta Selatan,Kurir B,6.9,45,1,19887
2026-05-29,Bogor,Kurir E,19.2,89,1,40455
2026-05-15,Jakarta Selatan,Kurir H,13.5,64,1,30253
2026-05-01,Depok,Kurir H,5.3,47,1,17877
2026-03-19,Tangerang,Kurir G,13.6,80,1,30562
2026-05-10,Depok,Kurir C,15.6,69,1,35005
2026-04-02,Jakarta Pusat,Kurir C,1.0,22,1,10758
2026-03-05,Bekasi,Kurir G,15.4,97,0,40754
2026-05-26,Depok,Kurir C,8.9,45,1,24568
2026-03-12,Tangerang,Kurir B,4.3,37,1,16736
2026-05-09,Bogor,Kurir H,18.8,113,0,45294
2026-05-23,Bogor,Kurir C,14.7,85,1,32430
2026-03-23,Depok,Kurir D,11.5,62,1,28450
2026-03-10,Bogor,Kurir C,21.8,98,1,44193
2026-04-10,Tangerang,Kurir B,16.2,72,1,36124
2026-04-17,Jakarta Pusat,Kurir H,1.1,21,1,11608
2026-04-07,Bogor,Kurir B,12.2,70,1,28341
2026-03-27,Bogor,Kurir D,8.5,64,0,29330
2026-05-19,Jakarta Pusat,Kurir A,9.7,49,1,25970
2026-04-30,Bekasi,Kurir B,10.2,59,1,26376
2026-04-16,Bogor,Kurir F,28.6,122,1,55717
2026-04-26,Bogor,Kurir H,18.0,109,0,44866
2026-05-27,Tangerang,Kurir C,7.9,47,1,22108
2026-04-16,Jakarta Pusat,Kurir E,3.8,35,1,16455
2026-03-25,Tangerang,Kurir A,13.1,73,1,30418
2026-04-29,Tangerang,Kurir G,7.8,46,1,21559
2026-04-09,Bekasi,Kurir G,12.0,79,0,34644
2026-05-10,Bekasi,Kurir G,19.7,100,1,40769
2026-04-17,Depok,Kurir F,14.4,64,1,33405
2026-04-09,Jakarta Selatan,Kurir F,8.3,41,1,23426
2026-05-28,Jakarta Pusat,Kurir G,6.4,44,1,20224
2026-04-21,Bogor,Kurir A,18.0,106,0,44451
2026-05-10,Bekasi,Kurir F,16.6,87,1,36054
2026-05-19,Jakarta Pusat,Kurir H,13.8,68,1,30786
2026-05-31,Bogor,Kurir E,24.2,112,1,48282
2026-04-12,Tangerang,Kurir B,12.4,70,1,30063
2026-03-17,Bekasi,Kurir D,15.3,90,0,40073
2026-04-07,Jakarta Pusat,Kurir C,1.0,21,1,10349
2026-05-12,Tangerang,Kurir E,17.5,84,1,38095
2026-04-01,Jakarta Pusat,Kurir D,6.0,39,1,19965
2026-03-21,Bogor,Kurir H,15.4,77,1,34442
2026-03-28,Jakarta Pusat,Kurir F,4.3,28,1,15631
2026-04-13,Jakarta Selatan,Kurir E,11.1,63,1,26656
2026-04-05,Jakarta Selatan,Kurir F,9.7,45,1,24962
2026-05-18,Jakarta Selatan,Kurir E,10.9,49,1,26996
2026-03-04,Bekasi,Kurir C,21.9,99,1,44373
2026-03-29,Jakarta Selatan,Kurir F,13.1,64,1,31095
2026-05-17,Tangerang,Kurir D,11.8,70,1,27793
2026-03-02,Bogor,Kurir G,20.9,103,1,42696
2026-03-09,Bekasi,Kurir G,19.1,101,1,39393
2026-05-15,Jakarta Selatan,Kurir F,1.0,23,1,10797
2026-05-10,Tangerang,Kurir C,6.9,47,1,21158
2026-04-10,Tangerang,Kurir D,9.9,58,1,25419
2026-04-15,Bekasi,Kurir F,13.5,65,1,31684
2026-05-15,Bogor,Kurir C,15.8,74,1,34978
2026-05-01,Jakarta Selatan,Kurir A,7.5,39,1,21687
2026-05-22,Bekasi,Kurir D,15.5,84,1,33726
2026-03-16,Tangerang,Kurir E,11.0,58,1,27912
2026-04-26,Jakarta Pusat,Kurir D,4.6,35,1,17700
2026-03-09,Jakarta Selatan,Kurir D,10.1,52,1,25766
2026-03-26,Bogor,Kurir H,15.4,83,1,34578
2026-03-21,Jakarta Pusat,Kurir H,6.7,40,1,20561
2026-03-26,Jakarta Pusat,Kurir F,8.0,40,1,22014
2026-03-30,Tangerang,Kurir B,10.8,65,1,26624
2026-03-20,Depok,Kurir C,14.6,79,1,32482
2026-04-11,Depok,Kurir D,12.5,76,1,29942
2026-05-16,Bekasi,Kurir F,16.9,85,1,37274
2026-05-17,Jakarta Pusat,Kurir B,7.1,41,1,19956
2026-03-30,Bekasi,Kurir D,10.5,59,1,26913
2026-04-16,Depok,Kurir B,9.4,59,1,24391
2026-05-21,Tangerang,Kurir B,15.4,73,1,33967
2026-05-26,Jakarta Selatan,Kurir E,8.9,48,1,23824
2026-03-01,Bekasi,Kurir G,7.4,50,1,21742
2026-05-05,Jakarta Pusat,Kurir A,8.9,44,1,24518
2026-03-20,Jakarta Selatan,Kurir C,10.1,58,1,25608
2026-05-06,Bekasi,Kurir C,9.8,59,1,25547
2026-03-23,Bogor,Kurir A,21.3,104,1,43355
2026-03-23,Jakarta Selatan,Kurir E,1.0,26,1,10393
2026-04-30,Depok,Kurir A,17.3,91,1,37556
2026-04-22,Bogor,Kurir H,13.8,73,1,31572
2026-04-11,Bogor,Kurir B,21.9,102,1,44213
2026-03-17,Jakarta Pusat,Kurir C,7.9,43,1,22452
2026-03-12,Jakarta Pusat,Kurir E,4.6,35,1,16537
2026-04-11,Bogor,Kurir F,14.7,73,1,32658
2026-04-04,Bekasi,Kurir A,13.9,81,1,30845
2026-04-24,Bogor,Kurir C,20.4,90,1,42439
2026-04-29,Jakarta Pusat,Kurir F,7.3,43,1,21867
2026-03-10,Depok,Kurir A,20.6,90,1,41751
2026-04-25,Bogor,Kurir H,29.1,149,0,61981
2026-05-04,Jakarta Pusat,Kurir B,4.7,34,1,16889
2026-03-07,Depok,Kurir H,20.6,97,1,42400
2026-05-24,Bekasi,Kurir E,18.8,89,1,38950
2026-05-29,Bogor,Kurir H,10.0,74,0,32427
2026-04-16,Jakarta Selatan,Kurir F,11.4,49,1,26856
2026-03-01,Jakarta Selatan,Kurir F,5.2,31,1,17553
2026-05-21,Depok,Kurir A,4.7,36,1,16967
2026-05-07,Depok,Kurir B,13.7,79,1,31729
2026-04-19,Tangerang,Kurir C,11.0,56,1,27223
2026-04-10,Bogor,Kurir C,17.8,81,1,37736
2026-05-24,Jakarta Pusat,Kurir E,7.2,43,1,20793
2026-05-18,Jakarta Pusat,Kurir C,8.8,45,1,22947
2026-05-20,Bogor,Kurir B,16.2,96,0,41852
2026-05-10,Bekasi,Kurir B,11.6,63,1,28033
2026-04-29,Tangerang,Kurir B,13.4,60,1,30431
2026-04-19,Jakarta Pusat,Kurir B,8.3,40,1,23046
2026-03-30,Tangerang,Kurir D,6.6,50,1,20894
2026-05-16,Jakarta Pusat,Kurir E,2.3,25,1,13104
2026-03-13,Bogor,Kurir F,23.3,113,1,47070
2026-05-25,Jakarta Selatan,Kurir D,6.9,45,1,20844
2026-03-15,Bogor,Kurir A,14.7,73,1,33834
2026-05-22,Tangerang,Kurir C,7.7,42,1,20938
2026-04-02,Jakarta Pusat,Kurir G,7.6,47,1,22180
2026-03-15,Bogor,Kurir B,18.4,95,1,38185
2026-05-26,Jakarta Pusat,Kurir C,6.3,42,1,19263
2026-03-31,Bogor,Kurir C,13.9,67,1,32376
2026-03-22,Depok,Kurir H,8.9,48,1,23126
2026-05-08,Tangerang,Kurir F,16.6,72,1,36804
2026-03-10,Jakarta Pusat,Kurir A,1.1,24,1,10361
2026-03-02,Depok,Kurir B,7.9,50,1,22822
2026-04-21,Tangerang,Kurir H,16.1,82,1,36073
2026-04-06,Depok,Kurir E,11.5,66,1,28047
2026-05-02,Jakarta Selatan,Kurir D,9.7,54,1,24118
2026-04-15,Bogor,Kurir F,21.1,102,1,42901
2026-03-27,Jakarta Pusat,Kurir D,3.1,33,1,15264
2026-03-05,Depok,Kurir B,15.2,68,1,34819
2026-04-06,Jakarta Selatan,Kurir H,14.2,60,1,31454
2026-05-30,Jakarta Selatan,Kurir D,8.7,44,1,23097
2026-04-10,Tangerang,Kurir D,11.2,61,1,27897
2026-05-12,Jakarta Pusat,Kurir E,4.8,38,1,18020
2026-03-30,Bogor,Kurir C,15.2,81,1,34621
2026-03-28,Tangerang,Kurir E,12.5,63,1,28711
2026-04-06,Bekasi,Kurir G,8.9,68,0,30022
2026-04-20,Jakarta Pusat,Kurir G,1.0,25,1,11997
2026-05-09,Tangerang,Kurir D,13.3,63,1,31288
2026-03-03,Bogor,Kurir B,17.1,88,1,36663
2026-05-26,Jakarta Pusat,Kurir A,3.8,34,1,14680
2026-05-30,Jakarta Pusat,Kurir H,9.7,55,1,25263
2026-05-13,Tangerang,Kurir B,15.1,76,1,33418
2026-05-02,Jakarta Pusat,Kurir C,8.4,42,1,23080
2026-05-14,Jakarta Pusat,Kurir G,5.5,44,1,17996
2026-03-21,Bogor,Kurir C,18.6,84,1,39294
2026-04-18,Jakarta Selatan,Kurir G,14.1,70,1,31293
2026-05-02,Jakarta Selatan,Kurir F,7.4,40,1,21093
2026-03-28,Depok,Kurir C,21.3,92,1,43990
2026-04-20,Jakarta Pusat,Kurir G,8.3,45,1,23252
2026-05-30,Jakarta Selatan,Kurir G,4.6,37,1,16112
2026-03-14,Tangerang,Kurir G,10.7,62,1,27483
2026-04-02,Bogor,Kurir C,18.7,91,1,38477
2026-04-22,Jakarta Pusat,Kurir C,14.1,61,1,32279
2026-05-24,Jakarta Selatan,Kurir D,8.5,42,1,23494
2026-03-23,Bekasi,Kurir E,14.3,70,1,32229
2026-04-14,Tangerang,Kurir H,14.9,74,1,34061
2026-05-03,Bogor,Kurir H,23.4,110,1,47025
2026-05-28,Depok,Kurir C,13.5,75,1,31353
2026-05-20,Depok,Kurir G,20.7,112,0,48871
2026-04-12,Tangerang,Kurir H,9.8,55,1,26108
2026-04-24,Tangerang,Kurir A,5.2,38,1,17972
2026-05-27,Depok,Kurir D,8.6,50,1,22541
2026-05-18,Jakarta Selatan,Kurir C,13.3,56,1,30035
2026-04-05,Bekasi,Kurir B,16.2,78,1,35620
2026-04-03,Jakarta Selatan,Kurir F,8.2,41,1,22752
2026-04-13,Bekasi,Kurir C,22.8,105,1,46636
2026-04-09,Bekasi,Kurir F,8.6,57,1,23159
2026-04-12,Bogor,Kurir A,13.6,67,1,30982
2026-05-15,Depok,Kurir H,13.0,61,1,30390
2026-04-25,Depok,Kurir F,7.2,44,1,20658
2026-03-20,Bekasi,Kurir A,11.1,56,1,26506
2026-03-12,Jakarta Pusat,Kurir A,7.5,36,1,21223
2026-04-02,Jakarta Pusat,Kurir F,1.0,19,1,10222
2026-03-25,Depok,Kurir G,14.1,77,1,32977
2026-04-23,Jakarta Pusat,Kurir G,6.9,41,1,20471
2026-05-01,Bekasi,Kurir D,7.7,56,1,22713
2026-03-12,Bogor,Kurir H,24.5,111,1,49160
2026-04-06,Depok,Kurir H,17.6,78,1,37677
2026-03-20,Jakarta Selatan,Kurir E,6.8,38,1,20027
2026-03-02,Jakarta Pusat,Kurir D,5.6,35,1,18550
2026-05-04,Depok,Kurir C,14.8,67,1,32352
2026-03-14,Tangerang,Kurir C,9.5,48,1,24048
2026-05-18,Bogor,Kurir F,22.3,105,1,44824
2026-05-20,Tangerang,Kurir F,12.2,60,1,29638
2026-04-04,Depok,Kurir A,10.1,59,1,26347
2026-03-27,Jakarta Selatan,Kurir A,5.5,33,1,17459
2026-05-27,Depok,Kurir F,8.7,48,1,23496
2026-04-22,Jakarta Selatan,Kurir C,6.7,39,1,19685
2026-05-24,Bekasi,Kurir E,16.7,87,1,35529
2026-04-02,Jakarta Pusat,Kurir B,2.1,26,1,11989
2026-04-27,Jakarta Selatan,Kurir G,1.0,24,1,10157
2026-03-30,Tangerang,Kurir G,15.3,70,1,34002
2026-03-19,Tangerang,Kurir E,13.4,67,1,30230
2026-05-28,Bogor,Kurir B,16.7,79,1,35939
2026-03-31,Jakarta Selatan,Kurir F,1.9,24,1,13405
2026-05-29,Bogor,Kurir D,13.1,82,0,36996
2026-04-04,Bogor,Kurir F,23.8,114,1,47472
2026-05-04,Jakarta Pusat,Kurir C,1.0,20,1,11930
2026-04-04,Jakarta Pusat,Kurir H,1.3,26,1,11581
2026-03-06,Bogor,Kurir D,26.5,119,1,51137
2026-04-01,Depok,Kurir A,12.1,60,1,29167
2026-05-06,Bekasi,Kurir A,18.4,93,1,38485
2026-05-02,Bogor,Kurir F,18.9,104,1,39063
2026-04-22,Tangerang,Kurir G,10.5,64,1,27287
2026-05-10,Jakarta Pusat,Kurir D,10.9,60,1,27059
2026-03-20,Jakarta Pusat,Kurir G,7.2,47,1,21172
2026-04-30,Depok,Kurir H,8.2,54,1,23112
2026-04-10,Jakarta Selatan,Kurir G,21.9,88,1,44727
2026-05-09,Tangerang,Kurir H,12.1,72,1,28523
2026-05-30,Tangerang,Kurir H,13.0,77,1,29738
2026-05-21,Bekasi,Kurir E,16.5,77,1,36215
2026-04-12,Jakarta Selatan,Kurir B,9.0,47,1,23478
2026-04-17,Jakarta Selatan,Kurir A,15.7,75,1,35551
2026-04-12,Bekasi,Kurir A,16.3,77,1,34950
2026-04-22,Bogor,Kurir H,20.5,102,1,41934
2026-04-18,Jakarta Selatan,Kurir A,6.4,39,1,18839
2026-05-16,Tangerang,Kurir C,10.0,47,1,24953
2026-04-19,Tangerang,Kurir C,22.6,105,1,45162
2026-04-27,Jakarta Selatan,Kurir H,1.0,26,1,11486
2026-05-11,Bogor,Kurir H,24.8,111,1,49722
2026-05-29,Bogor,Kurir C,17.3,87,1,36956
2026-04-16,Jakarta Pusat,Kurir G,8.8,54,1,23125
2026-04-23,Tangerang,Kurir H,9.2,54,1,24001
2026-04-08,Bekasi,Kurir H,11.4,73,0,34603
2026-03-15,Jakarta Selatan,Kurir E,10.3,54,1,25906
2026-05-25,Depok,Kurir A,10.2,57,1,25757
2026-03-21,Jakarta Selatan,Kurir D,11.2,55,1,27499
2026-05-25,Jakarta Selatan,Kurir B,2.9,33,1,13312
2026-05-29,Bekasi,Kurir B,16.7,75,1,35827
2026-05-03,Jakarta Pusat,Kurir E,14.3,57,1,32469
2026-04-20,Bekasi,Kurir E,18.4,87,1,38435
2026-03-12,Tangerang,Kurir G,5.5,42,1,17821
2026-04-10,Tangerang,Kurir A,15.9,71,1,34287
2026-03-13,Jakarta Pusat,Kurir D,5.1,36,1,17774
2026-03-07,Jakarta Pusat,Kurir D,17.4,67,1,37882
2026-03-29,Bogor,Kurir D,5.7,46,1,19458
2026-05-24,Tangerang,Kurir F,13.3,59,1,29875
2026-03-12,Bekasi,Kurir D,11.3,63,1,27694
2026-03-03,Jakarta Selatan,Kurir D,1.0,22,1,11681
2026-03-08,Depok,Kurir G,6.0,48,1,19444
2026-03-27,Depok,Kurir D,16.8,77,1,36422
2026-05-27,Depok,Kurir F,20.5,87,1,41329
2026-05-05,Jakarta Selatan,Kurir D,5.8,35,1,18996
2026-03-10,Jakarta Pusat,Kurir C,10.6,48,1,26231
2026-03-08,Tangerang,Kurir A,9.5,53,1,24261
2026-04-08,Depok,Kurir B,13.1,66,1,31288
2026-05-15,Bekasi,Kurir H,5.3,38,1,18566
2026-05-20,Bogor,Kurir E,22.3,100,1,44540
2026-04-04,Tangerang,Kurir C,8.1,50,1,22728
2026-03-14,Jakarta Pusat,Kurir B,2.3,23,1,13437
2026-04-25,Jakarta Selatan,Kurir D,7.1,49,1,20267
2026-05-25,Bekasi,Kurir E,11.8,62,1,27578
2026-04-18,Bogor,Kurir C,17.8,87,1,38489
2026-04-30,Tangerang,Kurir A,4.1,35,1,16271
2026-05-15,Jakarta Pusat,Kurir A,3.2,27,1,14465
2026-04-16,Jakarta Pusat,Kurir F,1.5,24,1,11333
2026-04-05,Bogor,Kurir A,15.5,93,0,40757
2026-05-27,Jakarta Pusat,Kurir H,11.6,50,1,28601
2026-05-03,Jakarta Selatan,Kurir G,1.0,24,1,10409
2026-03-03,Tangerang,Kurir F,8.3,44,1,22734
2026-05-28,Bogor,Kurir H,23.1,130,0,52814
2026-05-02,Depok,Kurir E,22.8,112,1,46606
2026-05-10,Depok,Kurir F,13.7,75,1,31756
2026-04-24,Bogor,Kurir C,21.7,112,1,44255
2026-05-23,Bogor,Kurir A,20.3,112,0,47179
2026-04-03,Jakarta Pusat,Kurir E,1.0,21,1,10571
2026-05-18,Jakarta Selatan,Kurir D,7.7,50,1,22123
2026-04-18,Tangerang,Kurir D,15.3,72,1,34797
2026-05-18,Jakarta Pusat,Kurir H,4.6,35,1,17626
2026-03-01,Jakarta Pusat,Kurir D,2.7,27,1,13978
2026-04-14,Depok,Kurir G,23.9,119,1,48575
2026-05-07,Bogor,Kurir F,17.3,89,1,37482
2026-05-10,Jakarta Pusat,Kurir B,1.0,21,1,11284
2026-05-17,Jakarta Pusat,Kurir A,9.5,54,1,25593
2026-04-26,Jakarta Pusat,Kurir F,2.2,24,1,13680
2026-04-20,Depok,Kurir D,14.4,66,1,32087
2026-05-07,Tangerang,Kurir E,15.9,70,1,35668
2026-03-08,Bogor,Kurir H,20.0,94,1,41027
2026-03-06,Depok,Kurir C,11.5,62,1,27614
2026-05-13,Tangerang,Kurir G,8.1,49,1,21984
2026-03-15,Depok,Kurir E,18.3,92,1,39122
2026-05-05,Jakarta Pusat,Kurir A,4.5,33,1,16291
2026-05-13,Tangerang,Kurir H,12.6,65,1,29600
2026-03-09,Bogor,Kurir H,19.2,92,1,40569
2026-04-27,Bekasi,Kurir D,6.6,45,1,20676
2026-04-06,Jakarta Pusat,Kurir C,6.8,43,1,19633
2026-03-15,Jakarta Pusat,Kurir B,10.3,45,1,26047
2026-05-13,Bogor,Kurir G,18.4,108,0,45347
2026-03-28,Bogor,Kurir H,16.2,93,1,35478
2026-05-13,Depok,Kurir B,8.9,58,1,23902
2026-05-19,Bogor,Kurir E,19.0,113,0,46849
2026-05-21,Depok,Kurir C,10.0,63,1,24680
2026-03-12,Jakarta Pusat,Kurir C,5.9,42,1,19818
2026-05-25,Jakarta Pusat,Kurir F,1.0,20,1,11671
2026-05-31,Bogor,Kurir G,11.5,84,0,33190
2026-04-08,Bekasi,Kurir H,28.5,136,1,55655
2026-03-26,Jakarta Pusat,Kurir F,10.1,42,1,24852
2026-04-16,Depok,Kurir G,12.9,71,1,30333
2026-03-16,Depok,Kurir D,14.8,85,1,32373
2026-04-10,Bekasi,Kurir B,9.4,63,1,24160
2026-03-27,Jakarta Selatan,Kurir G,13.5,68,1,30446
2026-05-17,Bekasi,Kurir H,10.8,72,0,32701
2026-04-05,Jakarta Pusat,Kurir E,10.2,52,1,25804
2026-03-28,Bogor,Kurir E,16.6,88,1,36887
2026-03-12,Bekasi,Kurir D,18.9,100,1,39080
2026-04-15,Depok,Kurir H,12.2,58,1,28391
2026-03-16,Bekasi,Kurir F,17.8,81,1,37427
2026-05-17,Tangerang,Kurir D,15.8,72,1,34468
2026-04-17,Bogor,Kurir G,24.5,149,0,54970
2026-04-13,Jakarta Pusat,Kurir E,7.6,40,1,22127
2026-03-04,Bogor,Kurir A,20.7,92,1,42451
2026-05-14,Tangerang,Kurir D,15.3,81,1,34346
2026-05-05,Jakarta Pusat,Kurir G,5.4,37,1,18434
2026-03-01,Jakarta Pusat,Kurir F,5.0,34,1,18332
2026-04-22,Jakarta Pusat,Kurir C,1.0,19,1,10601
2026-03-13,Depok,Kurir E,15.8,70,1,35347
2026-03-08,Jakarta Selatan,Kurir F,18.1,71,1,38351
2026-03-08,Jakarta Selatan,Kurir F,8.4,46,1,22731
2026-03-06,Jakarta Pusat,Kurir C,10.0,49,1,24773
2026-03-25,Depok,Kurir C,15.9,71,1,35622
2026-05-24,Jakarta Pusat,Kurir C,2.5,26,1,12800
2026-03-22,Tangerang,Kurir D,15.3,82,1,34722
2026-04-18,Jakarta Pusat,Kurir H,8.7,43,1,23676
2026-03-30,Tangerang,Kurir E,16.2,87,1,34594
2026-04-01,Bekasi,Kurir F,11.8,62,1,28988
2026-04-20,Bogor,Kurir B,19.3,95,1,40021
2026-05-01,Bogor,Kurir G,14.1,78,1,32992
2026-03-08,Jakarta Pusat,Kurir G,1.6,24,1,12450
2026-04-24,Bogor,Kurir E,19.2,113,0,45411
2026-03-23,Jakarta Selatan,Kurir G,9.3,52,1,24466
2026-04-10,Jakarta Selatan,Kurir D,13.5,74,1,31352
2026-03-07,Jakarta Selatan,Kurir A,10.4,51,1,26693
2026-04-28,Jakarta Selatan,Kurir C,11.1,53,1,26955
2026-04-23,Depok,Kurir E,18.5,92,1,39718
2026-03-04,Depok,Kurir A,13.5,59,1,31935
2026-04-17,Depok,Kurir G,12.2,64,1,29186
2026-05-18,Depok,Kurir A,9.4,56,1,25534
2026-04-16,Depok,Kurir F,9.9,57,1,26155
2026-05-23,Jakarta Selatan,Kurir D,6.1,37,1,18849
2026-03-20,Depok,Kurir A,13.5,73,1,30997
2026-05-03,Bogor,Kurir H,19.4,100,1,41023
2026-03-15,Jakarta Selatan,Kurir C,4.2,30,1,17141
2026-05-25,Jakarta Selatan,Kurir C,11.7,53,1,28284
2026-03-04,Depok,Kurir C,10.4,52,1,25262
2026-03-21,Jakarta Selatan,Kurir C,6.0,42,1,19457
2026-03-11,Bogor,Kurir H,22.4,132,0,52047
2026-03-25,Depok,Kurir H,15.7,73,1,33679
2026-04-17,Depok,Kurir B,12.6,67,1,29161
2026-05-08,Jakarta Selatan,Kurir B,10.1,50,1,26266
2026-05-10,Jakarta Pusat,Kurir B,9.4,45,1,24116
2026-03-12,Bogor,Kurir E,16.6,91,1,35672
2026-04-23,Jakarta Pusat,Kurir C,9.8,46,1,25060
2026-05-18,Depok,Kurir F,16.6,82,1,35392
2026-04-30,Depok,Kurir D,9.3,56,1,25246
2026-05-29,Tangerang,Kurir E,12.1,69,1,27871
2026-05-07,Jakarta Selatan,Kurir E,15.5,78,1,34291
2026-04-29,Tangerang,Kurir A,8.6,43,1,22265
2026-05-10,Jakarta Pusat,Kurir F,8.5,41,1,23160
2026-03-03,Tangerang,Kurir H,21.2,104,1,42583
2026-04-20,Bekasi,Kurir F,14.2,68,1,32493
2026-03-26,Bekasi,Kurir A,13.1,62,1,30035
2026-05-17,Depok,Kurir G,4.6,36,1,17526
2026-03-20,Jakarta Pusat,Kurir E,3.2,33,1,15220
2026-05-27,Depok,Kurir A,13.0,63,1,29942
2026-05-09,Depok,Kurir G,10.1,71,0,30758
2026-03-03,Jakarta Pusat,Kurir E,2.3,23,1,12962
2026-05-14,Jakarta Pusat,Kurir H,10.1,55,1,25347
2026-05-30,Depok,Kurir F,15.8,67,1,34198
2026-03-25,Jakarta Selatan,Kurir H,5.0,38,1,17997
2026-03-25,Tangerang,Kurir H,13.9,74,1,31186
2026-03-23,Jakarta Pusat,Kurir G,4.3,31,1,16938
2026-05-06,Bogor,Kurir B,15.2,93,0,40629
2026-04-11,Jakarta Selatan,Kurir F,1.2,21,1,10805
2026-03-06,Bogor,Kurir G,17.6,116,0,43074
2026-03-15,Depok,Kurir H,15.3,80,1,33895
2026-03-19,Bogor,Kurir F,13.4,71,1,31385
2026-03-28,Jakarta Pusat,Kurir H,6.6,43,1,20123
2026-04-21,Jakarta Pusat,Kurir F,2.1,27,1,13376
2026-05-05,Bekasi,Kurir A,15.4,77,1,33682
2026-05-23,Tangerang,Kurir F,15.0,59,1,33239
2026-03-17,Jakarta Pusat,Kurir E,1.0,23,1,11501
2026-04-05,Bekasi,Kurir E,12.1,67,1,28878
2026-05-18,Jakarta Selatan,Kurir F,6.5,43,1,19583
2026-05-25,Tangerang,Kurir C,8.9,52,1,24726
2026-05-19,Depok,Kurir B,8.5,46,1,23807
2026-03-26,Jakarta Pusat,Kurir E,4.6,33,1,15925
2026-04-08,Tangerang,Kurir H,11.4,70,1,27599
2026-04-16,Jakarta Pusat,Kurir H,2.1,27,1,12068
2026-03-23,Tangerang,Kurir H,9.9,61,1,24568
2026-03-31,Bogor,Kurir F,18.9,84,1,39590
2026-03-06,Tangerang,Kurir B,9.2,52,1,24368
2026-05-10,Jakarta Selatan,Kurir E,9.9,49,1,26266
2026-03-09,Bekasi,Kurir G,16.0,79,1,34287
2026-03-14,Jakarta Pusat,Kurir H,10.4,53,1,26066
2026-05-18,Tangerang,Kurir E,18.1,77,1,37803
2026-04-08,Bogor,Kurir D,13.9,91,0,38511
2026-03-05,Bogor,Kurir E,14.5,82,1,32627
2026-05-13,Jakarta Pusat,Kurir B,14.8,60,1,33905
2026-05-18,Jakarta Pusat,Kurir D,1.0,23,1,10463
2026-04-19,Jakarta Selatan,Kurir F,6.6,45,1,21056
2026-04-07,Jakarta Selatan,Kurir A,3.9,36,1,15819
2026-03-31,Depok,Kurir E,10.3,57,1,26456
2026-04-11,Tangerang,Kurir A,8.6,43,1,22488
2026-05-18,Jakarta Pusat,Kurir H,9.7,48,1,24155
2026-03-23,Jakarta Selatan,Kurir B,14.5,62,1,33689
2026-04-27,Tangerang,Kurir C,15.0,66,1,33340
2026-04-20,Depok,Kurir C,9.4,53,1,25464
2026-04-02,Jakarta Selatan,Kurir C,11.7,56,1,28315
2026-04-27,Tangerang,Kurir D,8.9,59,1,24375
2026-04-22,Tangerang,Kurir B,8.5,49,1,22453
2026-04-05,Jakarta Selatan,Kurir F,2.6,25,1,14523
2026-05-22,Depok,Kurir E,12.4,57,1,29780
2026-03-10,Bogor,Kurir F,20.2,89,1,41956
2026-04-22,Jakarta Selatan,Kurir F,15.9,68,1,34010
2026-05-09,Jakarta Pusat,Kurir F,6.5,35,1,19451
2026-04-05,Tangerang,Kurir G,11.2,60,1,27929
2026-04-21,Jakarta Selatan,Kurir E,3.1,29,1,15335
2026-04-03,Depok,Kurir H,13.3,65,1,31181
2026-03-31,Bekasi,Kurir F,12.5,70,1,28994
2026-05-12,Tangerang,Kurir G,7.1,45,1,20741
2026-05-31,Bogor,Kurir D,19.0,111,0,45660
2026-05-24,Depok,Kurir E,20.1,91,1,41404
2026-05-22,Jakarta Selatan,Kurir G,4.5,36,1,17658
2026-03-10,Depok,Kurir C,11.8,54,1,27443
2026-04-15,Tangerang,Kurir B,12.5,60,1,29757
2026-05-14,Jakarta Selatan,Kurir D,11.5,55,1,27395
2026-03-29,Depok,Kurir D,18.4,85,1,39032
2026-04-04,Bogor,Kurir G,10.8,81,0,32853
2026-04-27,Bogor,Kurir F,18.0,89,1,38742
2026-05-17,Jakarta Pusat,Kurir C,2.6,28,1,13824
2026-04-19,Jakarta Pusat,Kurir A,3.4,29,1,15154
2026-04-07,Jakarta Pusat,Kurir F,3.2,31,1,14842
2026-04-25,Depok,Kurir E,9.7,52,1,25367
2026-05-03,Depok,Kurir C,10.8,57,1,27055
2026-05-20,Jakarta Pusat,Kurir F,2.3,25,1,12423
2026-04-24,Depok,Kurir B,4.2,39,1,15384
2026-04-20,Bogor,Kurir H,17.3,90,1,36790
2026-04-17,Bekasi,Kurir B,12.1,59,1,29406
2026-04-01,Jakarta Pusat,Kurir D,5.8,42,1,19219
2026-03-11,Jakarta Pusat,Kurir A,4.1,32,1,15217
2026-03-31,Jakarta Selatan,Kurir D,10.9,59,1,26893
2026-05-30,Jakarta Pusat,Kurir F,8.0,46,1,22072
2026-04-06,Bekasi,Kurir A,15.1,80,1,32670
2026-05-27,Jakarta Selatan,Kurir D,6.1,43,1,18428
2026-03-23,Jakarta Selatan,Kurir F,13.1,64,1,31091
2026-03-23,Bekasi,Kurir B,7.1,44,1,21663
2026-05-02,Bekasi,Kurir D,14.6,69,1,33849
2026-04-24,Depok,Kurir D,15.6,82,1,35452
2026-05-16,Tangerang,Kurir G,7.5,46,1,21104
2026-05-18,Bogor,Kurir H,8.8,59,1,22791
2026-03-04,Jakarta Pusat,Kurir B,10.4,54,1,27121
2026-03-06,Tangerang,Kurir C,16.4,79,1,35482
2026-05-10,Jakarta Pusat,Kurir H,14.1,72,1,32071
2026-04-17,Bogor,Kurir F,21.7,118,0,50404
2026-05-01,Depok,Kurir B,14.5,65,1,31991
2026-03-27,Jakarta Pusat,Kurir H,5.3,41,1,18703
2026-05-17,Jakarta Selatan,Kurir F,4.8,38,1,16590
2026-03-28,Depok,Kurir A,12.2,58,1,28145
2026-04-10,Jakarta Pusat,Kurir F,1.0,21,1,11816
2026-04-25,Jakarta Pusat,Kurir A,1.0,25,1,10729
2026-05-24,Jakarta Pusat,Kurir B,6.3,41,1,19341
2026-04-29,Jakarta Selatan,Kurir G,4.3,34,1,16422
2026-03-13,Bogor,Kurir A,15.6,74,1,33651
2026-03-07,Tangerang,Kurir F,9.6,54,1,24423
2026-03-24,Depok,Kurir C,10.7,64,1,26343
2026-04-23,Depok,Kurir A,9.6,50,1,24209
2026-03-30,Depok,Kurir C,12.5,72,1,29439
2026-05-28,Jakarta Pusat,Kurir H,10.3,46,1,25502
2026-05-18,Jakarta Selatan,Kurir A,7.5,39,1,22403
2026-05-19,Jakarta Selatan,Kurir A,4.7,37,1,16630
2026-03-30,Bogor,Kurir F,15.9,72,1,35339
2026-03-14,Jakarta Selatan,Kurir B,6.1,39,1,19351
2026-04-23,Jakarta Selatan,Kurir G,8.2,48,1,23509
2026-04-02,Jakarta Pusat,Kurir C,8.3,49,1,22568
2026-03-17,Jakarta Selatan,Kurir G,8.1,57,1,22106
2026-03-03,Jakarta Pusat,Kurir H,1.0,21,1,11998
2026-04-11,Tangerang,Kurir E,14.2,65,1,31884
2026-03-21,Tangerang,Kurir A,15.0,71,1,33506
2026-04-17,Jakarta Pusat,Kurir C,15.8,69,1,34203
2026-04-27,Depok,Kurir E,13.2,64,1,30192
2026-04-23,Bekasi,Kurir A,17.4,76,1,37211
2026-04-10,Bogor,Kurir B,17.9,101,0,44287
2026-04-27,Bekasi,Kurir H,8.0,52,1,22285
2026-05-30,Bogor,Kurir E,15.8,86,1,35618
2026-04-28,Jakarta Pusat,Kurir F,7.9,43,1,21304
2026-05-04,Bogor,Kurir B,25.7,125,1,50742
2026-04-25,Bekasi,Kurir A,13.6,65,1,31158
2026-05-04,Jakarta Pusat,Kurir D,9.2,52,1,24669
2026-04-01,Bekasi,Kurir F,11.0,60,1,26881
2026-04-21,Bogor,Kurir G,17.8,102,0,44084
2026-05-12,Jakarta Selatan,Kurir C,8.9,50,1,23871
2026-04-25,Depok,Kurir A,15.4,75,1,34253
2026-03-20,Jakarta Selatan,Kurir D,16.5,82,1,36470
2026-03-26,Jakarta Pusat,Kurir A,10.2,46,1,26310
2026-04-01,Jakarta Selatan,Kurir E,7.8,46,1,22151
2026-03-21,Tangerang,Kurir B,15.7,65,1,33799
2026-05-25,Depok,Kurir E,11.7,65,1,27458
2026-05-19,Jakarta Selatan,Kurir B,9.1,56,1,23565
2026-03-07,Jakarta Pusat,Kurir E,10.6,52,1,25615
2026-05-16,Jakarta Selatan,Kurir A,8.2,48,1,21997
2026-04-17,Tangerang,Kurir B,11.5,59,1,27652
2026-05-15,Bogor,Kurir F,21.5,113,1,43819
2026-05-16,Bogor,Kurir C,14.1,77,1,32109
2026-05-26,Bekasi,Kurir H,14.5,73,1,33540
2026-04-09,Jakarta Selatan,Kurir H,16.2,68,1,35873
2026-03-04,Bogor,Kurir E,17.7,88,1,38152
2026-04-06,Jakarta Pusat,Kurir D,10.1,58,1,25969
2026-04-06,Bogor,Kurir G,14.8,89,0,39841
2026-03-25,Bekasi,Kurir E,8.0,53,1,22378
2026-04-22,Depok,Kurir H,8.3,52,1,23355
2026-03-25,Depok,Kurir F,7.5,50,1,21861
2026-03-30,Depok,Kurir F,11.4,58,1,28140
2026-04-01,Jakarta Pusat,Kurir H,5.4,34,1,17829
2026-04-08,Jakarta Pusat,Kurir G,8.9,50,1,23688
2026-04-20,Bekasi,Kurir B,11.4,57,1,28171
2026-04-16,Bogor,Kurir A,14.0,83,1,32016
2026-03-26,Bekasi,Kurir B,13.9,67,1,32605
2026-05-13,Tangerang,Kurir D,9.5,51,1,25040
2026-03-02,Bekasi,Kurir G,11.3,61,1,28323
2026-05-30,Depok,Kurir C,17.2,72,1,37571
2026-05-13,Depok,Kurir H,14.6,84,1,32117
2026-04-23,Tangerang,Kurir C,13.4,61,1,30173
2026-03-22,Bogor,Kurir A,21.6,110,1,44979
2026-05-01,Bekasi,Kurir H,17.7,97,1,38774
2026-03-07,Jakarta Selatan,Kurir A,4.1,38,1,16641
2026-03-03,Jakarta Pusat,Kurir E,13.6,56,1,32150
2026-04-14,Tangerang,Kurir B,11.4,55,1,28571
2026-04-15,Bogor,Kurir D,20.0,96,1,41653
2026-05-01,Depok,Kurir H,12.5,66,1,30290
2026-04-07,Bekasi,Kurir A,6.2,40,1,20072
2026-03-26,Depok,Kurir A,12.1,64,1,28868
2026-05-02,Bekasi,Kurir E,12.0,65,1,28983
2026-04-28,Bekasi,Kurir D,12.6,71,1,29049
2026-04-12,Jakarta Pusat,Kurir B,3.1,29,1,14610
2026-03-04,Depok,Kurir A,12.4,67,1,29110
2026-03-02,Jakarta Selatan,Kurir G,8.2,53,1,22483
2026-05-27,Jakarta Pusat,Kurir C,2.8,31,1,14932
2026-05-08,Bekasi,Kurir F,14.1,70,1,32671
2026-04-08,Bogor,Kurir B,20.5,107,1,41939
2026-04-12,Tangerang,Kurir G,11.9,59,1,28029
2026-04-26,Jakarta Selatan,Kurir E,9.4,51,1,24296
2026-03-11,Bekasi,Kurir A,17.1,85,1,37165
2026-03-18,Depok,Kurir E,15.4,72,1,33644
2026-04-14,Depok,Kurir H,19.0,104,1,39667
2026-03-01,Bekasi,Kurir F,14.8,81,1,34104
2026-03-15,Bekasi,Kurir A,15.1,87,1,33978
2026-05-15,Bogor,Kurir G,14.4,79,1,31894
